{
    "id": 91222.0,
    "results": {
        "id": 91222.0,
        "age": 19.0,
        "passport": [
            1234.0,
            567890.0
        ],
        "results": {
            "math": 90.0,
            "rus": 91.0,
            "inf": 88.0,
            "phys": 87.0
        }
    },
    "array": [
        91222.0,
        302.0297998542528,
        302.0297998542528
    ]
}